USE parcial_2020;

INSERT INTO `Clientes` VALUES (1,'Rubén','Rosino','San Lorenzo 4700','4000','San Miguel de Tucumán');
INSERT INTO `Clientes` VALUES (2,'Gabriel','Masclef','Aconquija 600','4107','Yerba Buena');
INSERT INTO `Clientes` VALUES (3,'Luciana','Chavanne','Lucas Córdoba 403','3000','Bariloche');
INSERT INTO `Clientes` VALUES (4,'Mariana','MaxFois','Leandro Além 303','2000','Usuahia');
INSERT INTO `Clientes` VALUES (5,'Horacio','Cólzera','Córdoba 4403','3000','Santa Rosa');
INSERT INTO `Clientes` VALUES (6,'Mauricio','Monardi','Neuquén 888','2500','Rawson');
INSERT INTO `Clientes` VALUES (7,'Helena','Razzotti','Italia 190','2500','Rawson');
INSERT INTO `Clientes` VALUES (8,'Cecilia','Medina','Julio Argentino Roca 123','3000','Santa Rosa');
INSERT INTO `Clientes` VALUES (9,'Graciela','Medicci','San Juan 2033','3000','Bariloche');
INSERT INTO `Clientes` VALUES (10,'Paola','García','Jujuy 1803','3000','Bariloche');
INSERT INTO `Clientes` VALUES (11,'Rodrigo','Bianchi','Tucumán 254','3000','Bariloche');
INSERT INTO `Clientes` VALUES (12,'Raúl','Leal','España 1600','2000','Usuahia');
INSERT INTO `Clientes` VALUES (13,'Miguel','Muñoz','San Martín 232','3000','Bariloche');
INSERT INTO `Clientes` VALUES (14,'Luis','Hawk','Bs As 1500','3000','Bariloche');
INSERT INTO `Clientes` VALUES (15,'Luciana','Valiente','Sarmiento 765','2500','Rawson');
INSERT INTO `Clientes` VALUES (16,'Ezequiel','Ezquer','Catamarca 151','2500','Rawson');
INSERT INTO `Clientes` VALUES (17,'Mariano','Barbosa','Gral. Manuel Belgrano 652','2500','Rawson');
INSERT INTO `Clientes` VALUES (18,'Carlos','Guerra','Alem 538','4000','San Miguel de Tucumán');
INSERT INTO `Clientes` VALUES (19,'Esteban','Koukas','Pelegrini 245','4000','San Miguel de Tucumán');
INSERT INTO `Clientes` VALUES (20,'Juan','Esquel','Independencia 500','5000','Salta');
INSERT INTO `Clientes` VALUES (21,'Adriana','Guevara','La Paz 228','6000','San Salvador de Jujuy');
INSERT INTO `Clientes` VALUES (22,'Estela','Gutierrez','Bolivia 1328','7000','Misiones');
INSERT INTO `Clientes` VALUES (23,'Rodolfo','Walsh','25 de Mayo 458','8000','San Salvador del V. de Catamarca');
INSERT INTO `Clientes` VALUES (24,'Alejandro','Perez','Batalla de Chacabuco 1534','6000','San Salvador de Jujuy');
INSERT INTO `Clientes` VALUES (25,'Pablo','Sanchez','Batalla de Ayacucho 221','9000','La Rioja');
INSERT INTO `Clientes` VALUES (26,'Paula','Chavez','San Lorenzo 2228','7000','Misiones');
INSERT INTO `Clientes` VALUES (27,'Daniel','Ceballos','Chile 228','6010','Tartagal');
INSERT INTO `Clientes` VALUES (28,'Marta','Aguirre','Don Bosco 923','8900','Tinogasta');
INSERT INTO `Clientes` VALUES (29,'Bibiana','Segovia','Laprida 108','8300','Belen');
INSERT INTO `Clientes` VALUES (30,'Enzo','Perez','Uruguay 318','8200','Londres');
INSERT INTO `Clientes` VALUES (31,'Pierino','Juncos','Mitre 2228','5200','Joaquin V. Gonalez');
INSERT INTO `Clientes` VALUES (32,'Paulina','Rubio','Mate de Luna 1228','5300','General Mosconi');

INSERT INTO `Sucursales` VALUES (1, 'Av. Rivadavia 3976', 'Almagro');
INSERT INTO `Sucursales` VALUES (2, 'Av. Corrientes 3876', 'Almagro');
INSERT INTO `Sucursales` VALUES (3, 'Av. Rivadavia 4225', 'Almagro');
INSERT INTO `Sucursales` VALUES (4, 'AV. LA PLATA 1045', 'Boedo');
INSERT INTO `Sucursales` VALUES (5, 'AV. SAN JUAN 3668', 'Boedo');
INSERT INTO `Sucursales` VALUES (6, 'MAZA 1730', 'Boedo');
INSERT INTO `Sucursales` VALUES (7, 'VILLEGAS 837', 'Catamarca');
INSERT INTO `Sucursales` VALUES (8, 'RIVADAVIA 632', 'Catamarca');
INSERT INTO `Sucursales` VALUES (9, 'AV. COLÓN Y AV. E. OCAMPO', 'Catamarca');
INSERT INTO `Sucursales` VALUES (10, 'SAN MARTÍN 764', 'Catamarca');
INSERT INTO `Sucursales` VALUES (11, 'RIVADAVIA 747', 'Catamarca');
INSERT INTO `Sucursales` VALUES (12, 'BELGRANO 481', 'Santa María');
INSERT INTO `Sucursales` VALUES (13, '25 DE MAYO Y PINO', 'Tinogasta');
INSERT INTO `Sucursales` VALUES (14, 'RIVADAVIA 150', 'Comodoro Rivadia');
INSERT INTO `Sucursales` VALUES (15, 'ANÍBAL FORCADAS 678', 'Comodoro Rivadia');
INSERT INTO `Sucursales` VALUES (16, 'MITRE 777', 'Esquel');
INSERT INTO `Sucursales` VALUES (17, 'BELGRANO 742', 'Puerto Madryn');
INSERT INTO `Sucursales` VALUES (18, 'MOSCONI 187', 'Puerto Madryn');
INSERT INTO `Sucursales` VALUES (19, 'AV. GALES 824', 'Puerto Madryn');
INSERT INTO `Sucursales` VALUES (20, 'MARACAIBO 48', 'Córdoba');
INSERT INTO `Sucursales` VALUES (21, 'ALVEAR 84', 'Córdoba');
INSERT INTO `Sucursales` VALUES (22, 'LA RIOJA 1142 / 44', 'Córdoba');
INSERT INTO `Sucursales` VALUES (23, 'BOULEVARD ROCA 380', 'Alejandro Roca');
INSERT INTO `Sucursales` VALUES (24, 'TUCUMÁN 410', 'Alicia');
INSERT INTO `Sucursales` VALUES (25, 'SAN MARTÍN 276/78', 'Jujuy');
INSERT INTO `Sucursales` VALUES (26, '25 DE MAYO 70', 'La Quiaca');
INSERT INTO `Sucursales` VALUES (27, 'AV. SAN MARTÍN 33', 'Palpalá');
INSERT INTO `Sucursales` VALUES (28, 'AV. RIVADAVIA 350', 'La Rioja');
INSERT INTO `Sucursales` VALUES (29, 'SAN NICOLÁS DE BARI (O) 540', 'La Rioja');
INSERT INTO `Sucursales` VALUES (30, 'AV. ESPAÑA 1028', 'Mendoza');
INSERT INTO `Sucursales` VALUES (31, ' JUAN B. JUSTO 130', 'Mendoza');
INSERT INTO `Sucursales` VALUES (32, ' CASEROS 1332', 'Salta');
INSERT INTO `Sucursales` VALUES (33, 'SANTIAGO DEL ESTERO 541', 'Salta');
INSERT INTO `Sucursales` VALUES (34, 'CASEROS 650', 'Salta');
INSERT INTO `Sucursales` VALUES (35, 'JUJUY 238 / 240', 'San Miguel de Tucumán');
INSERT INTO `Sucursales` VALUES (36, 'JUNÍN Y MARCOS PAZ', 'San Miguel de Tucumán');
INSERT INTO `Sucursales` VALUES (37, ' AV. MITRE 859', 'San Miguel de Tucumán');
INSERT INTO `Sucursales` VALUES (38, 'AV. SIRIA 2202', 'San Miguel de Tucumán');
INSERT INTO `Sucursales` VALUES (39, ' CARIOLA 42', 'Yerba Buena');
INSERT INTO `Sucursales` VALUES (40, '25 DE MAYO 260', 'Monteros');
INSERT INTO `Sucursales` VALUES (41, 'CALLE 9 N° 1048 ENTRE 29 Y 30', '25 de Mayo');
INSERT INTO `Sucursales` VALUES (42, 'AV. ITALIA 1137', 'Resistencia');
INSERT INTO `Sucursales` VALUES (43, '15 DE SETIEMBRE Y GREGORIO MAYO', 'Rawson');
INSERT INTO `Sucursales` VALUES (44, 'MENDOZA 1330', 'Corrientes');
INSERT INTO `Sucursales` VALUES (45, 'ALMAFUERTE 1504', 'Paraná');
INSERT INTO `Sucursales` VALUES (46, 'SAAVEDRA 518', 'Formosa');
INSERT INTO `Sucursales` VALUES (47, 'DANTE ALIGHIERI 1346', 'Santa Rosa');
INSERT INTO `Sucursales` VALUES (48, 'AYACUCHO 2242', 'Posadas');
INSERT INTO `Sucursales` VALUES (49, 'SAN MARTÍN 196', 'Neuquén');
INSERT INTO `Sucursales` VALUES (50, 'GÜEMES 495', 'Viedma');
INSERT INTO `Sucursales` VALUES (51, 'MENDOZA 2778', 'San Juan');
INSERT INTO `Sucursales` VALUES (52, ' AV. DEL SOL Y CARLOS PELLEGRINI', 'Merlo');
INSERT INTO `Sucursales` VALUES (53, 'SUREDA 99', 'Rio Gallegos');
INSERT INTO `Sucursales` VALUES (54, 'MENDOZA 3343', 'Santa Fe');
INSERT INTO `Sucursales` VALUES (55, 'HIPÓLITO YRIGOYEN 950', 'Santiago del Estero');
INSERT INTO `Sucursales` VALUES (56, 'MAIPÚ 790', 'Ushuaia');


INSERT INTO `Empleados` VALUES (10001, 31275626, 'Gerónimo', 'Hidalgo', '2002-07-13', 'Cartero', 1);
INSERT INTO `Empleados` VALUES (10002, 26513425, 'Adriana', 'Arce', '2003-03-12', 'Administrativo', 1);
INSERT INTO `Empleados` VALUES (10003, 20189224, 'Arturo', 'Diaz', '1992-10-25', 'Cartero', 1);
INSERT INTO `Empleados` VALUES (10004, 30153220, 'Adolfo', 'Ale', '2000-10-25', 'Administrativo', 1);
INSERT INTO `Empleados` VALUES (10005, 27823477, 'Antonio', 'Arce', '2007-01-17', 'Cartero', 1);
INSERT INTO `Empleados` VALUES (20001, 31221566, 'Adela', 'Maza', '2000-02-02', 'Cartero', 2);
INSERT INTO `Empleados` VALUES (20002, 34231566, 'Adelina', 'Merced', '2000-02-02', 'Cartero', 2);
INSERT INTO `Empleados` VALUES (20003, 34655781, 'Adriana', 'Cajal', '1994-11-03', 'Administrativo', 2);
INSERT INTO `Empleados` VALUES (20004, 31123449, 'Ana María', 'Wolf', '1999-03-20', 'Administrativo', 2);
INSERT INTO `Empleados` VALUES (20005, 30217571, 'Angel', 'Cáceres', '2008-06-23', 'Cartero', 2);
INSERT INTO `Empleados` VALUES (30001, 29221566, 'Estela', 'Maris', '2001-02-24', 'Cartero', 3);
INSERT INTO `Empleados` VALUES (30002, 30221101, 'Florencia', 'García', '2000-03-21', 'Administrativo', 3);
INSERT INTO `Empleados` VALUES (30003, 30178992, 'Adela', 'García', '2000-03-21', 'Administrativo', 3);
INSERT INTO `Empleados` VALUES (40001, 33224136, 'Héctor', 'Príada', '1992-12-02', 'Administrativo', 4);
INSERT INTO `Empleados` VALUES (40002, 29356906, 'Alfonso', 'Guerra', '2001-05-07', 'Administrativo', 4);
INSERT INTO `Empleados` VALUES (40003, 35756766, 'Alfredo', 'Menendez', '2008-08-08', 'Cartero', 4);
INSERT INTO `Empleados` VALUES (40004, 27131806, 'Angela', 'Meridia', '2000-09-12', 'Cartero', 4);
INSERT INTO `Empleados` VALUES (50001, 30299106, 'Gabriel', 'Gonzalez', '2001-11-21', 'Administrativo', 5);
INSERT INTO `Empleados` VALUES (50002, 34031666, 'Francisco', 'Rodriguez', '2001-03-11', 'Cartero', 5);
INSERT INTO `Empleados` VALUES (50003, 29435221, 'Álvaro', 'Vega', '1993-12-01', 'Cartero', 5);
INSERT INTO `Empleados` VALUES (60001, 33431296, 'Nelsón', 'Martinez', '2009-08-12', 'Administrativo', 6);
INSERT INTO `Empleados` VALUES (60002, 31271596, 'Josefina', 'Galarza', '2007-12-21', 'Cartero', 6);
INSERT INTO `Empleados` VALUES (60003, 34098991, 'José Hernán', 'Cuevas', '2000-10-14', 'Cartero', 6);
INSERT INTO `Empleados` VALUES (70001, 34598211, 'José María', 'Galarza', '2001-01-11', 'Administrativo', 7);
INSERT INTO `Empleados` VALUES (70002, 24298593, 'Juan', 'Chavez', '2011-10-01', 'Cartero', 7);
INSERT INTO `Empleados` VALUES (70003, 30951972, 'Andrea', 'Zossi', '1998-05-07', 'Cartero', 7);
INSERT INTO `Empleados` VALUES (80001, 31255355, 'Marta', 'Rosso', '1999-03-07', 'Administrativo', 8);
INSERT INTO `Empleados` VALUES (80002, 30712447, 'Germán', 'Sanchez', '2003-11-21', 'Cartero', 8);
INSERT INTO `Empleados` VALUES (80003, 31751979, 'Leandro', 'Estevez', '2000-03-12', 'Cartero', 8);
INSERT INTO `Empleados` VALUES (90001, 32951972, 'Luis', 'Diaz', '1999-09-09', 'Administrativo', 9);
INSERT INTO `Empleados` VALUES (90002, 35751933, 'Andrés', 'Raya', '1998-05-07', 'Cartero', 9);
INSERT INTO `Empleados` VALUES (100001, 34001233, 'Sofia', 'Alderete', '1999-09-09', 'Administrativo', 10);
INSERT INTO `Empleados` VALUES (100002, 37094566, 'Lisandro', 'Funes', '1994-03-21', 'Cartero', 10);
INSERT INTO `Empleados` VALUES (110001, 30096431, 'Domingo', 'Sarmiento', '2003-01-01', 'Administrativo', 11);
INSERT INTO `Empleados` VALUES (110002, 33567902, 'Cristina', 'Perez', '1999-09-09', 'Cartero', 11);
INSERT INTO `Empleados` VALUES (120001, 36231172, 'Amanda', 'Peralta', '2003-07-15', 'Administrativo', 12);
INSERT INTO `Empleados` VALUES (120002, 30123672, 'Edgardo', 'Dominguez', '1992-01-19', 'Cartero', 12);
INSERT INTO `Empleados` VALUES (130001, 35334551, 'Facundo', 'Pondal', '2000-05-01', 'Administrativo', 13);
INSERT INTO `Empleados` VALUES (130002, 30111982, 'Gabriel', 'Parodi', '2007-01-19', 'Cartero', 13);
INSERT INTO `Empleados` VALUES (140001, 33781092, 'Jorge Ezequiel', 'Bravo Cordoba', '2007-03-09', 'Administrativo', 14);
INSERT INTO `Empleados` VALUES (140002, 34355120, 'Juan Pablo', 'Abuin', '2008-03-12', 'Cartero', 14);
INSERT INTO `Empleados` VALUES (150001, 30145123, 'Luis', 'Remis', '2009-09-09', 'Administrativo', 15);
INSERT INTO `Empleados` VALUES (150002, 33977977, 'Pablo', 'Alcorta', '2000-01-24', 'Cartero', 15);
INSERT INTO `Empleados` VALUES (160001, 39002901, 'Luis', 'Arce', '2010-10-13', 'Administrativo', 16);
INSERT INTO `Empleados` VALUES (160002, 30664941, 'Alejandra', 'Maza', '1993-11-01', 'Cartero', 16);
INSERT INTO `Empleados` VALUES (170001, 31923912, 'Cecilia', 'Alamo', '1999-09-09', 'Administrativo', 17);
INSERT INTO `Empleados` VALUES (170002, 37754183, 'Noelia', 'Juarez', '2000-03-17', 'Cartero', 17);
INSERT INTO `Empleados` VALUES (180001, 32297878, 'Laura', 'Juarez', '1993-11-09', 'Administrativo', 18);
INSERT INTO `Empleados` VALUES (180002, 34551189, 'Elisa', 'Apaza', '1993-09-09', 'Cartero', 18);
INSERT INTO `Empleados` VALUES (190001, 34099451, 'Leandro', 'Ceballos', '2003-10-19', 'Administrativo', 19);
INSERT INTO `Empleados` VALUES (190002, 30045988, 'Pamela', 'Anderson', '2000-01-12', 'Cartero', 19);
INSERT INTO `Empleados` VALUES (200001, 39771324, 'Victor', 'Cardenas', '2013-09-11', 'Administrativo', 20);
INSERT INTO `Empleados` VALUES (200002, 33641812, 'Noelia', 'Salado', '2012-11-12', 'Cartero', 20);
INSERT INTO `Empleados` VALUES (210001, 30223160, 'Estefania', 'Diaz', '1993-01-18', 'Administrativo', 21);
INSERT INTO `Empleados` VALUES (210002, 31551899, 'Nicolas', 'Padilla', '1999-11-23', 'Cartero', 21);
INSERT INTO `Empleados` VALUES (220001, 302333771, 'Daniel', 'Cohen', '1994-07-07', 'Administrativo', 22);
INSERT INTO `Empleados` VALUES (220002, 39923900, 'Julio Argentino', 'Roca', '1994-03-14', 'Cartero', 22);
INSERT INTO `Empleados` VALUES (230001, 34596411, 'Eva', 'Lopez', '2003-06-01', 'Administrativo', 23);
INSERT INTO `Empleados` VALUES (230002, 35923917, 'Luis', 'Aguilar', '2001-01-15', 'Cartero', 23);
INSERT INTO `Empleados` VALUES (240001, 30881177, 'Umberto', 'Lopez', '2003-01-09', 'Administrativo', 24);
INSERT INTO `Empleados` VALUES (240002, 36955433, 'Luisa', 'Cascales', '2002-01-23', 'Cartero', 24);
INSERT INTO `Empleados` VALUES (250001, 20951972, 'Andrea', 'Rodríguez', '1998-05-08', 'Cartero', 25);
INSERT INTO `Empleados` VALUES (250002, 20951222, 'Andrés', 'Rodríguez', '1998-04-08', 'administrativo', 25);
INSERT INTO `Empleados` VALUES (260001, 20921971, 'José', 'Rodríguez', '1992-05-08', 'Cartero', 26);
INSERT INTO `Empleados` VALUES (260002, 23921221, 'Manuel', 'Rodríguez', '1992-05-08', 'administrativo', 26);
INSERT INTO `Empleados` VALUES (270001, 20221271, 'José', 'Amato', '1992-03-08', 'Cartero', 27);
INSERT INTO `Empleados` VALUES (270002, 23925321, 'Ramón', 'Massa', '1992-11-04', 'administrativo', 27);
INSERT INTO `Empleados` VALUES (280001, 20331274, 'Luis', 'Germain', '1995-07-08', 'Cartero', 28);
INSERT INTO `Empleados` VALUES (280002, 23925361, 'Ramón', 'Mesa', '1994-12-04', 'administrativo', 28);
INSERT INTO `Empleados` VALUES (290001, 20344474, 'Luis', 'Pedraza', '1997-07-23', 'Cartero', 29);
INSERT INTO `Empleados` VALUES (290002, 23234561, 'Luciana', 'Salazar', '1994-02-23', 'administrativo', 29);
INSERT INTO `Empleados` VALUES (300001, 27331674, 'Luis', 'Hoyos', '1996-07-08', 'Cartero', 30);
INSERT INTO `Empleados` VALUES (300002, 23966366, 'Ramón', 'Vie', '1992-12-04', 'administrativo', 30);
INSERT INTO `Empleados` VALUES (310001, 20322234, 'Luis', 'Geri', '1993-07-08', 'Cartero', 31);
INSERT INTO `Empleados` VALUES (310002, 23923231, 'Leonardo', 'Messi', '1997-12-04', 'administrativo', 31);
INSERT INTO `Empleados` VALUES (320001, 22224545, 'Luisina', 'Montalvano', '1995-07-18', 'Cartero', 32);
INSERT INTO `Empleados` VALUES (320002, 22222333, 'Ramón', 'De la Rosa', '1999-11-03', 'administrativo', 32);
INSERT INTO `Empleados` VALUES (330001, 20333344, 'Leonardo', 'Turtle', '1995-04-08', 'Cartero', 33);
INSERT INTO `Empleados` VALUES (330002, 23933364, 'Ramiro', 'Re', '1994-01-04', 'administrativo', 33);
INSERT INTO `Empleados` VALUES (340001, 24333334, 'Luis', 'Gasol', '1995-11-11', 'Cartero', 34);
INSERT INTO `Empleados` VALUES (340002, 25928981, 'Ramón', 'Manzana', '1994-11-04', 'administrativo', 34);
INSERT INTO `Empleados` VALUES (350001, 24331274, 'Roberto', 'García', '1995-02-18', 'Cartero', 35);
INSERT INTO `Empleados` VALUES (350002, 27925361, 'Nina', 'Williams', '1990-10-22', 'administrativo', 35);
INSERT INTO `Empleados` VALUES (360001, 28331123, 'Anna', 'Curuchet', '1997-02-08', 'Cartero', 36);
INSERT INTO `Empleados` VALUES (360002, 21923411, 'Sergio', 'Buljubasich', '1994-02-04', 'administrativo', 36);
INSERT INTO `Empleados` VALUES (370001, 21123474, 'Victor', 'Puentes', '1993-12-08', 'Cartero', 37);
INSERT INTO `Empleados` VALUES (370002, 23921322, 'José', 'Hernández', '1994-06-06', 'administrativo', 37);
INSERT INTO `Empleados` VALUES (380001, 20323274, 'Chun', 'Li', '1992-04-06', 'Cartero', 38);
INSERT INTO `Empleados` VALUES (380002, 23925333, 'Rafael', 'Ternero', '1994-11-24', 'administrativo', 38);
INSERT INTO `Empleados` VALUES (390001, 20342158, 'Ezequiel', 'Zottola', '1993-12-18', 'Cartero', 39);
INSERT INTO `Empleados` VALUES (390002, 22456821, 'Ramón', 'Mesa', '1996-10-14', 'administrativo', 39);
INSERT INTO `Empleados` VALUES (400001, 27774274, 'Michelle', 'Lionheart', '1999-07-08', 'Cartero', 40);
INSERT INTO `Empleados` VALUES (400002, 29643361, 'Charlotte', 'La Fleur', '1999-12-04', 'administrativo', 40);
INSERT INTO `Empleados` VALUES (410001, 32332771, 'Saúl', 'Salas', '2012-10-28', 'Administrativo', 41);
INSERT INTO `Empleados` VALUES (410002, 31672921, 'Gerardo', 'Aragón', '2011-04-13', 'Cartero', 41);
INSERT INTO `Empleados` VALUES (420001, 30511662, 'Mariana', 'Escobar', '2014-01-10', 'Administrativo', 42);
INSERT INTO `Empleados` VALUES (420002, 34901901, 'Germán', 'Sanchez', '2013-09-23', 'Cartero', 42);
INSERT INTO `Empleados` VALUES (430001, 35004267, 'Edgardo', 'Guerra', '2000-11-12', 'Administrativo', 43);
INSERT INTO `Empleados` VALUES (430002, 34089531, 'Agustina', 'Peralta', '2003-04-13', 'Cartero', 43);
INSERT INTO `Empleados` VALUES (440001, 34551004, 'Florencia', 'Donke', '2013-04-21', 'Administrativo', 44);
INSERT INTO `Empleados` VALUES (440002, 33601844, 'Celina', 'Juarez', '2012-05-30', 'Cartero', 44);
INSERT INTO `Empleados` VALUES (450001, 35300719, 'Graciela', 'Funes', '2014-11-22', 'Administrativo', 45);
INSERT INTO `Empleados` VALUES (450002, 31544909, 'Andrés', 'Reverso', '2014-09-01', 'Cartero', 45);
INSERT INTO `Empleados` VALUES (460001, 31401569, 'Sebastian', 'Avellaneda', '2005-11-09', 'Administrativo', 46);
INSERT INTO `Empleados` VALUES (460002, 39672921, 'Noelia', 'Pelikan', '2001-11-09', 'Cartero', 46);
INSERT INTO `Empleados` VALUES (470001, 34032791, 'Rubén', 'Saracho', '2013-04-19', 'Administrativo', 47);
INSERT INTO `Empleados` VALUES (470002, 31672109, 'Charlie', 'Parra', '2011-04-13', 'Cartero', 47);
INSERT INTO `Empleados` VALUES (480001, 30109347, 'Gustavo', 'Córdoba', '2010-10-10', 'Administrativo', 48);
INSERT INTO `Empleados` VALUES (480002, 37301911, 'Sandra', 'Aster', '2011-05-10', 'Cartero', 48);
INSERT INTO `Empleados` VALUES (490001, 34935100, 'Sabrina', 'Cedrón', '2012-10-28', 'Administrativo', 49);
INSERT INTO `Empleados` VALUES (490002, 34601209, 'Nicolas', 'Robles', '2011-04-13', 'Cartero', 49);
INSERT INTO `Empleados` VALUES (500001, 30162177, 'Luciana', 'Muñoz', '2003-01-09', 'Administrativo', 50);
INSERT INTO `Empleados` VALUES (500002, 32442188, 'Marcelo', 'Espinoza', '2011-04-13', 'Cartero', 50);
INSERT INTO `Empleados` VALUES (510001, 34661110, 'Jeremias', 'Lazarte', '2014-01-22', 'Administrativo', 51);
INSERT INTO `Empleados` VALUES (510002, 33204859, 'Miguel', 'Santucho', '2011-05-27', 'Cartero', 51);
INSERT INTO `Empleados` VALUES (520001, 36884290, 'Clara', 'Sffer', '2013-02-28', 'Administrativo', 52);
INSERT INTO `Empleados` VALUES (520002, 33450902, 'Lucia', 'Pondal', '2013-04-13', 'Cartero', 52);
INSERT INTO `Empleados` VALUES (530001, 32991402, 'Fernanda', 'Ale', '2014-09-10', 'Administrativo', 53);
INSERT INTO `Empleados` VALUES (530002, 34020581, 'Zacarías', 'Zenithar', '2014-11-13', 'Cartero', 53);
INSERT INTO `Empleados` VALUES (540001, 34282156, 'Saúl', 'Esperanto', '2012-10-28', 'Administrativo', 54);
INSERT INTO `Empleados` VALUES (540002, 34600407, 'Anibal', 'Barca', '2011-04-13', 'Cartero', 54);
INSERT INTO `Empleados` VALUES (550001, 30361767, 'Zenón', 'Santillan', '2012-10-28', 'Administrativo', 55);
INSERT INTO `Empleados` VALUES (550002, 35120907, 'Estela', 'Di Pinto', '2011-04-13', 'Cartero', 55);
INSERT INTO `Empleados` VALUES (560001, 34884193, 'Esteban', 'Ross', '2010-05-13', 'Administrativo', 56);
INSERT INTO `Empleados` VALUES (560002, 37733206, 'Manuel', 'Mitre', '2004-09-26', 'Cartero', 56);


INSERT INTO `Envios` VALUES ('a10', 5, 20, 320001, 0.00);
INSERT INTO `Envios` VALUES ('a11', 7, 10, 500002, 0.00);
INSERT INTO `Envios` VALUES ('a12', 12, 19, 350001, 50.99);
INSERT INTO `Envios` VALUES ('a13', 4, 23, 70003, 32.50);
INSERT INTO `Envios` VALUES ('a14', 10, 15, 430002, 100.50);
INSERT INTO `Envios` VALUES ('a15', 3, 7, 430002, 100.50);
INSERT INTO `Envios` VALUES ('a16', 20, 25, 280001, 43.70);
INSERT INTO `Envios` VALUES ('a2', 12, 2, 390001, 250.00);
INSERT INTO `Envios` VALUES ('a3', 21, 22, 480002, 0.00);
INSERT INTO `Envios` VALUES ('a4', 30, 29, 120002, 200.70);
INSERT INTO `Envios` VALUES ('a5', 5, 7, 430002, 60.39);
INSERT INTO `Envios` VALUES ('a6', 25, 22, 480002, 20.25);
INSERT INTO `Envios` VALUES ('a7', 12, 15, 430002, 70.50);
INSERT INTO `Envios` VALUES ('a8', 9, 15, 430002, 50.99);
INSERT INTO `Envios` VALUES ('a9', 9, 16, 430002, 350.00);
INSERT INTO `Envios` VALUES ('b1', 5, 7, 430002, 200.89);
INSERT INTO `Envios` VALUES ('b10', 12, 17, 430002, 200.50);
INSERT INTO `Envios` VALUES ('b11', 25, 27, 340001, 200.50);
INSERT INTO `Envios` VALUES ('b12', 16, 6, 430002, 200.50);
INSERT INTO `Envios` VALUES ('b13', 9, 1, 350001, 190.35);
INSERT INTO `Envios` VALUES ('b14', 8, 18, 350001, 120.50);
INSERT INTO `Envios` VALUES ('b15', 12, 13, 500002, 90.75);
INSERT INTO `Envios` VALUES ('b2', 5, 13, 500002, 60.00);
INSERT INTO `Envios` VALUES ('b3', 5, 21, 260001, 260.00);
INSERT INTO `Envios` VALUES ('b4', 6, 7, 430002, 60.00);
INSERT INTO `Envios` VALUES ('b5', 26, 27, 320001, 150.75);
INSERT INTO `Envios` VALUES ('b6', 17, 2, 390001, 190.35);
INSERT INTO `Envios` VALUES ('b7', 15, 17, 390001, 60.00);
INSERT INTO `Envios` VALUES ('b8', 9, 7, 430002, 120.00);
INSERT INTO `Envios` VALUES ('b9', 21, 4, 560002, 560.00);


INSERT INTO `Cartas` VALUES ('a10', 'Simple', 'Negro');
INSERT INTO `Cartas` VALUES ('a11', 'Certificada', 'Negro');
INSERT INTO `Cartas` VALUES ('a12', 'Express', 'Rojo');
INSERT INTO `Cartas` VALUES ('a13', 'Express', 'Rojo');
INSERT INTO `Cartas` VALUES ('a16', 'Certificada', 'Rojo');
INSERT INTO `Cartas` VALUES ('a3', 'Express', 'Negro');
INSERT INTO `Cartas` VALUES ('a6', 'Simple', 'Rojo');
INSERT INTO `Cartas` VALUES ('a8', 'Express', 'Rojo');



INSERT INTO `Encomiendas` VALUES ('a2', 'Armada en el correo');
INSERT INTO `Encomiendas` VALUES ('b1', 'Armada por Cliente');
INSERT INTO `Encomiendas` VALUES ('b10', 'Armada por Cliente');
INSERT INTO `Encomiendas` VALUES ('b11', 'Armada en el correo');
INSERT INTO `Encomiendas` VALUES ('b12', 'Armada por Cliente');
INSERT INTO `Encomiendas` VALUES ('b2', 'Armada por Cliente');
INSERT INTO `Encomiendas` VALUES ('b3', 'Armada en el correo');
INSERT INTO `Encomiendas` VALUES ('b4', 'Armada por Cliente');
INSERT INTO `Encomiendas` VALUES ('b5', 'Armada por Cliente');
INSERT INTO `Encomiendas` VALUES ('b6', 'Armada en el correo');
INSERT INTO `Encomiendas` VALUES ('b7', 'Armada por Cliente');
INSERT INTO `Encomiendas` VALUES ('b9', 'Armada en el correo');



INSERT INTO `Pasan` VALUES (20, 'a10', '2014-01-23 08:30:00');
INSERT INTO `Pasan` VALUES (32, 'a10', '2014-01-24 20:43:00');
INSERT INTO `Pasan` VALUES (35, 'a10', '2014-01-24 09:01:00');
INSERT INTO `Pasan` VALUES (43, 'a11', '2010-11-22 13:21:00');
INSERT INTO `Pasan` VALUES (50, 'a11', '2010-11-21 09:22:00');
INSERT INTO `Pasan` VALUES (21, 'a12', '1999-09-05 08:02:00');
INSERT INTO `Pasan` VALUES (35, 'a12', '1999-09-06 18:52:00');
INSERT INTO `Pasan` VALUES (41, 'a12', '1999-09-04 13:31:00');
INSERT INTO `Pasan` VALUES (47, 'a12', '1999-09-03 11:59:00');
INSERT INTO `Pasan` VALUES (53, 'a12', '1999-09-02 10:12:00');
INSERT INTO `Pasan` VALUES (55, 'a12', '1999-09-06 09:20:00');
INSERT INTO `Pasan` VALUES (56, 'a12', '1999-09-01 08:27:00');
INSERT INTO `Pasan` VALUES (7, 'a13', '2013-05-07 10:19:00');
INSERT INTO `Pasan` VALUES (21, 'a13', '2013-05-06 18:41:00');
INSERT INTO `Pasan` VALUES (47, 'a13', '2013-05-05 09:53:00');
INSERT INTO `Pasan` VALUES (53, 'a13', '2013-05-04 11:13:00');
INSERT INTO `Pasan` VALUES (56, 'a13', '2013-05-03 08:01:00');
INSERT INTO `Pasan` VALUES (43, 'a14', '2012-06-13 20:07:00');
INSERT INTO `Pasan` VALUES (50, 'a14', '2012-06-13 08:00:00');
INSERT INTO `Pasan` VALUES (50, 'a15', '2014-06-20 08:20:00');
INSERT INTO `Pasan` VALUES (53, 'a15', '2014-06-21 10:28:00');
INSERT INTO `Pasan` VALUES (10, 'a16', '2014-05-22 08:20:00');
INSERT INTO `Pasan` VALUES (28, 'a16', '2014-05-22 08:20:00');
INSERT INTO `Pasan` VALUES (32, 'a16', '2014-05-22 08:20:00');
INSERT INTO `Pasan` VALUES (21, 'a2', '2014-05-26 14:53:00');
INSERT INTO `Pasan` VALUES (39, 'a2', '2014-05-28 18:21:00');
INSERT INTO `Pasan` VALUES (41, 'a2', '2014-05-25 13:20:00');
INSERT INTO `Pasan` VALUES (47, 'a2', '2014-05-24 18:24:00');
INSERT INTO `Pasan` VALUES (53, 'a2', '2014-05-23 11:09:00');
INSERT INTO `Pasan` VALUES (55, 'a2', '2014-05-27 08:17:00');
INSERT INTO `Pasan` VALUES (56, 'a2', '2014-05-22 09:11:00');
INSERT INTO `Pasan` VALUES (26, 'a3', '2014-01-11 08:20:00');
INSERT INTO `Pasan` VALUES (32, 'a3', '2014-01-12 10:12:00');
INSERT INTO `Pasan` VALUES (42, 'a3', '2014-01-13 13:54:00');
INSERT INTO `Pasan` VALUES (44, 'a3', '2014-01-14 08:31:00');
INSERT INTO `Pasan` VALUES (48, 'a3', '2014-01-14 20:22:00');
INSERT INTO `Pasan` VALUES (12, 'a4', '2010-11-13 08:20:00');
INSERT INTO `Pasan` VALUES (43, 'a5', '1992-10-15 13:49:00');
INSERT INTO `Pasan` VALUES (47, 'a5', '1992-10-13 08:20:00');
INSERT INTO `Pasan` VALUES (50, 'a5', '1992-10-14 09:20:00');
INSERT INTO `Pasan` VALUES (28, 'a6', '2001-01-01 08:01:00');
INSERT INTO `Pasan` VALUES (32, 'a6', '2001-01-01 18:24:00');
INSERT INTO `Pasan` VALUES (42, 'a6', '2001-01-02 10:11:00');
INSERT INTO `Pasan` VALUES (44, 'a6', '2001-01-03 09:33:00');
INSERT INTO `Pasan` VALUES (48, 'a6', '2001-01-04 11:41:00');
INSERT INTO `Pasan` VALUES (43, 'a7', '2001-01-02 18:53:00');
INSERT INTO `Pasan` VALUES (50, 'a7', '2001-01-03 09:22:00');
INSERT INTO `Pasan` VALUES (53, 'a7', '2001-01-02 10:01:00');
INSERT INTO `Pasan` VALUES (56, 'a7', '2001-01-01 13:12:00');
INSERT INTO `Pasan` VALUES (43, 'a8', '1991-11-22 09:17:00');
INSERT INTO `Pasan` VALUES (50, 'a8', '1991-11-22 20:05:00');
INSERT INTO `Pasan` VALUES (53, 'a8', '1991-11-21 18:10:00');
INSERT INTO `Pasan` VALUES (56, 'a8', '1991-11-21 08:30:00');
INSERT INTO `Pasan` VALUES (43, 'a9', '2011-09-14 17:33:00');
INSERT INTO `Pasan` VALUES (50, 'a9', '2011-09-15 10:07:00');
INSERT INTO `Pasan` VALUES (53, 'a9', '2011-09-14 09:02:00');
INSERT INTO `Pasan` VALUES (56, 'a9', '2011-09-13 08:34:00');
INSERT INTO `Pasan` VALUES (43, 'b1', '2014-08-09 13:10:00');
INSERT INTO `Pasan` VALUES (47, 'b1', '2014-08-07 08:58:00');
INSERT INTO `Pasan` VALUES (50, 'b1', '2014-08-08 20:01:00');
INSERT INTO `Pasan` VALUES (43, 'b10', '2014-09-04 20:27:00');
INSERT INTO `Pasan` VALUES (53, 'b10', '2014-09-04 10:49:00');
INSERT INTO `Pasan` VALUES (56, 'b10', '2014-09-03 08:13:00');
INSERT INTO `Pasan` VALUES (7, 'b11', '2008-03-21 10:15:00');
INSERT INTO `Pasan` VALUES (28, 'b11', '2008-03-20 16:40:00');
INSERT INTO `Pasan` VALUES (32, 'b11', '2008-03-22 13:40:00');
INSERT INTO `Pasan` VALUES (43, 'b12', '2011-07-15 09:16:00');
INSERT INTO `Pasan` VALUES (21, 'b13', '2013-05-18 14:36:00');
INSERT INTO `Pasan` VALUES (35, 'b13', '2013-05-20 13:44:00');
INSERT INTO `Pasan` VALUES (41, 'b13', '2013-05-17 10:51:00');
INSERT INTO `Pasan` VALUES (47, 'b13', '2013-05-16 19:01:00');
INSERT INTO `Pasan` VALUES (50, 'b13', '2013-05-15 09:16:00');
INSERT INTO `Pasan` VALUES (55, 'b13', '2013-05-19 09:52:00');
INSERT INTO `Pasan` VALUES (21, 'b14', '2014-03-21 09:18:00');
INSERT INTO `Pasan` VALUES (35, 'b14', '2014-03-23 12:14:00');
INSERT INTO `Pasan` VALUES (41, 'b14', '2014-03-20 20:40:00');
INSERT INTO `Pasan` VALUES (47, 'b14', '2014-03-20 10:10:00');
INSERT INTO `Pasan` VALUES (55, 'b14', '2014-03-22 13:31:00');
INSERT INTO `Pasan` VALUES (14, 'b15', '2014-04-07 13:52:00');
INSERT INTO `Pasan` VALUES (50, 'b15', '2014-04-08 11:37:00');
INSERT INTO `Pasan` VALUES (53, 'b15', '2014-04-06 08:13:00');
INSERT INTO `Pasan` VALUES (56, 'b15', '2014-04-05 09:29:00');
INSERT INTO `Pasan` VALUES (47, 'b2', '2014-05-14 09:29:00');
INSERT INTO `Pasan` VALUES (50, 'b2', '2014-05-14 19:04:00');
INSERT INTO `Pasan` VALUES (20, 'b3', '2010-07-21 15:10:00');
INSERT INTO `Pasan` VALUES (25, 'b3', '2010-07-24 08:00:00');
INSERT INTO `Pasan` VALUES (33, 'b3', '2010-07-23 16:29:00');
INSERT INTO `Pasan` VALUES (47, 'b3', '2010-07-20 09:29:00');
INSERT INTO `Pasan` VALUES (55, 'b3', '2010-07-22 10:12:00');
INSERT INTO `Pasan` VALUES (43, 'b4', '2011-08-11 09:01:00');
INSERT INTO `Pasan` VALUES (34, 'b5', '2013-10-12 14:16:00');
INSERT INTO `Pasan` VALUES (42, 'b5', '2013-10-11 10:21:00');
INSERT INTO `Pasan` VALUES (44, 'b5', '2013-10-10 20:17:00');
INSERT INTO `Pasan` VALUES (48, 'b5', '2013-10-10 08:57:00');
INSERT INTO `Pasan` VALUES (21, 'b6', '1998-11-04 10:11:00');
INSERT INTO `Pasan` VALUES (39, 'b6', '1998-11-06 11:59:00');
INSERT INTO `Pasan` VALUES (43, 'b6', '1998-11-01 08:31:00');
INSERT INTO `Pasan` VALUES (47, 'b6', '1998-11-03 09:43:00');
INSERT INTO `Pasan` VALUES (50, 'b6', '1998-11-02 13:10:00');
INSERT INTO `Pasan` VALUES (55, 'b6', '1998-11-05 16:37:00');
INSERT INTO `Pasan` VALUES (43, 'b7', '2009-02-14 17:05:00');
INSERT INTO `Pasan` VALUES (43, 'b8', '2014-06-17 10:59:00');
INSERT INTO `Pasan` VALUES (50, 'b8', '2014-06-17 08:31:00');
INSERT INTO `Pasan` VALUES (22, 'b9', '2014-09-22 17:23:00');
INSERT INTO `Pasan` VALUES (25, 'b9', '2014-09-18 08:31:00');
INSERT INTO `Pasan` VALUES (32, 'b9', '2014-09-19 13:12:00');
INSERT INTO `Pasan` VALUES (35, 'b9', '2014-09-20 11:47:00');
INSERT INTO `Pasan` VALUES (43, 'b9', '2014-09-25 09:25:00');
INSERT INTO `Pasan` VALUES (47, 'b9', '2014-09-23 10:39:00');
INSERT INTO `Pasan` VALUES (50, 'b9', '2014-09-24 12:12:00');
INSERT INTO `Pasan` VALUES (53, 'b9', '2014-09-26 10:36:00');
INSERT INTO `Pasan` VALUES (55, 'b9', '2014-09-21 08:45:00');
INSERT INTO `Pasan` VALUES (56, 'b9', '2014-09-27 17:03:00');

